antecedents,consequents,antecedent support,consequent support,support,confidence,lift,representativity,leverage,conviction,zhangs_metric,jaccard,certainty,kulczynski
frozenset({'ASPECT_PRICE'}),"frozenset({'ASPECT_SERVICE', 'ASPECT_AMENITIES'})",0.14301191765980498,0.03683640303358613,0.031960996749729145,0.2234848484848485,6.066956327985741,1.0,0.026692952112206535,1.2403667785323573,0.9745441299363603,0.21611721611721618,0.19378685618843103,0.545565953654189
"frozenset({'ASPECT_SERVICE', 'ASPECT_AMENITIES'})",frozenset({'ASPECT_PRICE'}),0.03683640303358613,0.14301191765980498,0.031960996749729145,0.8676470588235294,6.06695632798574,1.0,0.026692952112206535,6.475021066570363,0.8671140683685725,0.21611721611721618,0.8455603480330185,0.545565953654189
"frozenset({'ASPECT_SERVICE', 'ASPECT_CLEANLINESS'})",frozenset({'ASPECT_FOOD'}),0.08342361863488625,0.10834236186348863,0.040628385698808236,0.487012987012987,4.49512987012987,1.0,0.03159007382070572,1.7381680540888955,0.8483057525610718,0.2688172043010753,0.42468163671079834,0.4310064935064935
frozenset({'ASPECT_FOOD'}),"frozenset({'ASPECT_SERVICE', 'ASPECT_CLEANLINESS'})",0.10834236186348863,0.08342361863488625,0.040628385698808236,0.375,4.49512987012987,1.0,0.03159007382070572,1.466522210184182,0.8720129607128393,0.2688172043010753,0.3181146572104019,0.4310064935064935
frozenset({'ASPECT_SERVICE'}),"frozenset({'ASPECT_FOOD', 'ASPECT_CLEANLINESS'})",0.3477789815817985,0.040628385698808236,0.040628385698808236,0.11682242990654207,2.8753894080996885,1.0,0.0264986870971642,1.0862726214838891,0.9999999999999999,0.11682242990654207,0.07942078238705627,0.5584112149532711
"frozenset({'ASPECT_FOOD', 'ASPECT_CLEANLINESS'})",frozenset({'ASPECT_SERVICE'}),0.040628385698808236,0.3477789815817985,0.040628385698808236,1.0,2.8753894080996885,1.0,0.0264986870971642,inf,0.6798418972332014,0.11682242990654207,1.0,0.5584112149532711
"frozenset({'ASPECT_FOOD', 'ASPECT_ROOM'})",frozenset({'ASPECT_CLEANLINESS'}),0.06067172264355363,0.23889490790899243,0.040628385698808236,0.6696428571428572,2.803085519922255,1.0,0.02613422010519656,2.303885684167375,0.68479815455594,0.15690376569037656,0.5659506863243519,0.41985544217687076
frozenset({'ASPECT_CLEANLINESS'}),"frozenset({'ASPECT_FOOD', 'ASPECT_ROOM'})",0.23889490790899243,0.06067172264355363,0.040628385698808236,0.17006802721088435,2.8030855199222544,1.0,0.02613422010519656,1.131813580093423,0.845153024911032,0.15690376569037656,0.11646227118298298,0.41985544217687076
"frozenset({'ASPECT_FOOD', 'SENTIMENT_POSITIVE'})",frozenset({'ASPECT_SERVICE'}),0.035211267605633804,0.3477789815817985,0.03412784398699892,0.9692307692307692,2.7869158878504674,1.0,0.02188210519890742,21.197183098591548,0.6645811609315257,0.09782608695652174,0.9528239202657806,0.5336808051761323
frozenset({'ASPECT_SERVICE'}),"frozenset({'ASPECT_FOOD', 'SENTIMENT_POSITIVE'})",0.3477789815817985,0.035211267605633804,0.03412784398699892,0.09813084112149532,2.786915887850467,1.0,0.02188210519890742,1.069765744727432,0.9830722986869165,0.09782608695652174,0.06521590831571049,0.5336808051761323
frozenset({'ASPECT_AMENITIES'}),"frozenset({'SENTIMENT_POSITIVE', 'ASPECT_PRICE'})",0.26706392199349943,0.047128927410617555,0.03466955579631636,0.12981744421906694,2.7545172646942246,1.0,0.022083119602689896,1.0950243328358171,0.8690525683665927,0.124031007751938,0.0867782842685603,0.4327248140635564
"frozenset({'SENTIMENT_POSITIVE', 'ASPECT_PRICE'})",frozenset({'ASPECT_AMENITIES'}),0.047128927410617555,0.26706392199349943,0.03466955579631636,0.7356321839080459,2.7545172646942246,1.0,0.022083119602689896,2.7724103820245882,0.6684639710062537,0.124031007751938,0.6393030387984129,0.4327248140635564
frozenset({'ASPECT_FOOD'}),"frozenset({'ASPECT_SERVICE', 'ASPECT_ROOM'})",0.10834236186348863,0.1706392199349946,0.04983748645720477,0.46,2.695746031746032,1.0,0.031350030342904164,1.5358532964166765,0.7054783665275504,0.21749408983451538,0.3488961463096016,0.37603174603174605
"frozenset({'ASPECT_SERVICE', 'ASPECT_ROOM'})",frozenset({'ASPECT_FOOD'}),0.1706392199349946,0.10834236186348863,0.04983748645720477,0.292063492063492,2.6957460317460313,1.0,0.031350030342904164,1.2595163946771348,0.7584698832817427,0.21749408983451538,0.2060444753032845,0.37603174603174605
"frozenset({'ASPECT_SERVICE', 'ASPECT_PRICE'})",frozenset({'ASPECT_AMENITIES'}),0.047670639219934995,0.26706392199349943,0.031960996749729145,0.6704545454545455,2.5104646874423757,1.0,0.019229888875716174,2.2240818918817955,0.6317849636528413,0.11302681992337167,0.5503762682254922,0.3950650009219989
frozenset({'ASPECT_AMENITIES'}),"frozenset({'ASPECT_SERVICE', 'ASPECT_PRICE'})",0.26706392199349943,0.047670639219934995,0.031960996749729145,0.11967545638945234,2.5104646874423753,1.0,0.019229888875716174,1.0817934904713642,0.8209001966753103,0.11302681992337167,0.07560915386514733,0.3950650009219989
frozenset({'ASPECT_PRICE'}),"frozenset({'SENTIMENT_POSITIVE', 'ASPECT_ROOM'})",0.14301191765980498,0.10184182015167931,0.03629469122426869,0.25378787878787884,2.4919809800128956,1.0,0.021730097226412063,1.203623144568308,0.6986244504405911,0.17402597402597406,0.16917516540556354,0.30508542875564154
"frozenset({'SENTIMENT_POSITIVE', 'ASPECT_ROOM'})",frozenset({'ASPECT_PRICE'}),0.10184182015167931,0.14301191765980498,0.03629469122426869,0.35638297872340424,2.491980980012895,1.0,0.021730097226412063,1.3315186733880715,0.6666006517472949,0.17402597402597406,0.24897786265701913,0.30508542875564154
frozenset({'ASPECT_FOOD'}),"frozenset({'ASPECT_SERVICE', 'SENTIMENT_POSITIVE'})",0.10834236186348863,0.13001083423618634,0.03412784398699892,0.315,2.4228750000000003,1.0,0.020042163138007982,1.2700571762975381,0.658624081467338,0.16710875331564987,0.21263387297633873,0.28875
"frozenset({'ASPECT_SERVICE', 'SENTIMENT_POSITIVE'})",frozenset({'ASPECT_FOOD'}),0.13001083423618634,0.10834236186348863,0.03412784398699892,0.2625,2.422875,1.0,0.020042163138007982,1.2090273059478118,0.6750281681788531,0.16710875331564987,0.17288882138517622,0.28875
"frozenset({'ASPECT_FOOD', 'ASPECT_ROOM'})",frozenset({'ASPECT_SERVICE'}),0.06067172264355363,0.3477789815817985,0.04983748645720477,0.8214285714285714,2.3619270137961728,1.0,0.028737136545416344,3.652437703141928,0.6138608896243919,0.1389728096676737,0.7262102515424773,0.48236537605696483
frozenset({'ASPECT_SERVICE'}),"frozenset({'ASPECT_FOOD', 'ASPECT_ROOM'})",0.3477789815817985,0.06067172264355363,0.04983748645720477,0.14330218068535824,2.3619270137961723,1.0,0.028737136545416344,1.096452280114252,0.8840820453560594,0.1389728096676737,0.08796760412062934,0.48236537605696483
"frozenset({'ASPECT_SERVICE', 'ASPECT_AMENITIES'})",frozenset({'SENTIMENT_POSITIVE'}),0.03683640303358613,0.40249187432286027,0.03412784398699892,0.9264705882352942,2.3018367508510806,1.0,0.01930149108669854,8.126110509209104,0.5871944578356276,0.08422459893048127,0.8769398965388513,0.5056309872535825
frozenset({'SENTIMENT_POSITIVE'}),"frozenset({'ASPECT_SERVICE', 'ASPECT_AMENITIES'})",0.40249187432286027,0.03683640303358613,0.03412784398699892,0.08479138627187079,2.3018367508510806,1.0,0.01930149108669854,1.0523978713912434,0.9465383010260617,0.08422459893048127,0.04978903209104245,0.5056309872535825
"frozenset({'ASPECT_AMENITIES', 'ASPECT_PRICE'})",frozenset({'ASPECT_SERVICE'}),0.041170097508125676,0.3477789815817985,0.031960996749729145,0.7763157894736843,2.2322101983931795,1.0,0.017642902166729858,2.9158116117519612,0.5757157904816624,0.08952959028831563,0.6570423150900507,0.434108050500082
frozenset({'ASPECT_SERVICE'}),"frozenset({'ASPECT_AMENITIES', 'ASPECT_PRICE'})",0.3477789815817985,0.041170097508125676,0.031960996749729145,0.09190031152647975,2.232210198393179,1.0,0.017642902166729858,1.0558641464833332,0.8463595923193873,0.08952959028831563,0.05290846049597832,0.434108050500082
frozenset({'ASPECT_FOOD'}),frozenset({'ASPECT_SERVICE'}),0.10834236186348863,0.3477789815817985,0.08342361863488625,0.77,2.21404984423676,1.0,0.04574442236383549,2.835743558340007,0.614965836107999,0.2238372093023256,0.647358803986711,0.5049376947040498
frozenset({'ASPECT_SERVICE'}),frozenset({'ASPECT_FOOD'}),0.3477789815817985,0.10834236186348863,0.08342361863488625,0.23987538940809972,2.21404984423676,1.0,0.04574442236383549,1.1730414009910661,0.8407257194632609,0.2238372093023256,0.1475151694090839,0.5049376947040498
frozenset({'ASPECT_PRICE'}),"frozenset({'SENTIMENT_POSITIVE', 'ASPECT_AMENITIES'})",0.14301191765980498,0.11267605633802817,0.03466955579631636,0.24242424242424243,2.1515151515151514,1.0,0.018555536905070728,1.171267605633803,0.6245259165613148,0.1568627450980392,0.1462241462241462,0.27505827505827507
"frozenset({'SENTIMENT_POSITIVE', 'ASPECT_AMENITIES'})",frozenset({'ASPECT_PRICE'}),0.11267605633802817,0.14301191765980498,0.03466955579631636,0.30769230769230765,2.1515151515151514,1.0,0.018555536905070728,1.2378716744913927,0.6031746031746033,0.1568627450980392,0.19216182048040453,0.27505827505827507
frozenset({'ASPECT_SERVICE'}),"frozenset({'SENTIMENT_POSITIVE', 'ASPECT_PRICE'})",0.3477789815817985,0.047128927410617555,0.03466955579631636,0.09968847352024922,2.1152289898664374,1.0,0.018279105418409276,1.0583792882394178,0.8083731312292356,0.0962406015037594,0.05515913707696422,0.41766032871414754
"frozenset({'SENTIMENT_POSITIVE', 'ASPECT_PRICE'})",frozenset({'ASPECT_SERVICE'}),0.047128927410617555,0.3477789815817985,0.03466955579631636,0.7356321839080459,2.115228989866437,1.0,0.018279105418409276,2.467096895755805,0.5533150938032972,0.0962406015037594,0.594665291938748,0.41766032871414754
frozenset({'SENTIMENT_POSITIVE'}),"frozenset({'ASPECT_AMENITIES', 'ASPECT_PRICE'})",0.40249187432286027,0.041170097508125676,0.03466955579631636,0.0861372812920592,2.0922292271729117,1.0,0.018098926084215934,1.049205622314378,0.8736967361740705,0.08476821192052979,0.04689797811589904,0.46412127222497696
"frozenset({'ASPECT_AMENITIES', 'ASPECT_PRICE'})",frozenset({'SENTIMENT_POSITIVE'}),0.041170097508125676,0.40249187432286027,0.03466955579631636,0.8421052631578947,2.0922292271729117,1.0,0.018098926084215934,3.7842181292885506,0.5444562146892655,0.08476821192052979,0.7357446199360594,0.46412127222497696
frozenset({'ASPECT_ROOM'}),frozenset({'ASPECT_CLEANLINESS'}),0.4848320693391116,0.23889490790899243,0.23889490790899243,0.4927374301675978,2.0625698324022346,1.0,0.12307099535289913,1.50041642603844,1.0,0.49273743016759775,0.3335183602059683,0.7463687150837989
frozenset({'ASPECT_CLEANLINESS'}),frozenset({'ASPECT_ROOM'}),0.23889490790899243,0.4848320693391116,0.23889490790899243,1.0,2.0625698324022346,1.0,0.12307099535289913,inf,0.6768683274021351,0.49273743016759775,1.0,0.7463687150837989
"frozenset({'SENTIMENT_NEGATIVE', 'ASPECT_CLEANLINESS'})",frozenset({'ASPECT_ROOM'}),0.01570964247020585,0.4848320693391116,0.01570964247020585,1.0,2.0625698324022346,1.0,0.008093104002798356,inf,0.5233902036323611,0.0324022346368715,1.0,0.5162011173184358
frozenset({'ASPECT_ROOM'}),"frozenset({'ASPECT_FOOD', 'ASPECT_CLEANLINESS'})",0.4848320693391116,0.040628385698808236,0.040628385698808236,0.08379888268156425,2.0625698324022346,1.0,0.020930441386547472,1.047119018048252,1.0,0.08379888268156425,0.044998722433747945,0.5418994413407822
frozenset({'ASPECT_ROOM'}),"frozenset({'ASPECT_SERVICE', 'ASPECT_CLEANLINESS'})",0.4848320693391116,0.08342361863488625,0.08342361863488625,0.17206703910614526,2.0625698324022346,1.0,0.042977172980377475,1.1070659397055018,1.0,0.17206703910614526,0.0967114386465391,0.5860335195530726
"frozenset({'ASPECT_CLEANLINESS', 'ASPECT_PRICE'})",frozenset({'ASPECT_ROOM'}),0.011917659804983749,0.4848320693391116,0.011917659804983749,1.0,2.0625698324022346,1.0,0.006139596140053925,inf,0.5213815789473685,0.024581005586592177,1.0,0.5122905027932961
frozenset({'ASPECT_ROOM'}),"frozenset({'ASPECT_CLEANLINESS', 'ASPECT_AMENITIES'})",0.4848320693391116,0.03791982665222102,0.03791982665222102,0.0782122905027933,2.0625698324022346,1.0,0.019535078627444306,1.0437112183591057,1.0,0.0782122905027933,0.04188056771855655,0.5391061452513967
"frozenset({'ASPECT_CLEANLINESS', 'ASPECT_AMENITIES'})",frozenset({'ASPECT_ROOM'}),0.03791982665222102,0.4848320693391116,0.03791982665222102,1.0,2.0625698324022346,1.0,0.019535078627444306,inf,0.535472972972973,0.0782122905027933,1.0,0.5391061452513967
frozenset({'ASPECT_ROOM'}),"frozenset({'ASPECT_CLEANLINESS', 'ASPECT_PRICE'})",0.4848320693391116,0.011917659804983749,0.011917659804983749,0.024581005586592177,2.0625698324022346,1.0,0.006139596140053925,1.0129824678975252,1.0,0.024581005586592177,0.012816083504851512,0.5122905027932961
"frozenset({'ASPECT_SERVICE', 'ASPECT_CLEANLINESS'})",frozenset({'ASPECT_ROOM'}),0.08342361863488625,0.4848320693391116,0.08342361863488625,1.0,2.0625698324022346,1.0,0.042977172980377475,inf,0.5620567375886525,0.17206703910614526,1.0,0.5860335195530726
frozenset({'ASPECT_ROOM'}),"frozenset({'SENTIMENT_NEGATIVE', 'ASPECT_CLEANLINESS'})",0.4848320693391116,0.01570964247020585,0.01570964247020585,0.0324022346368715,2.0625698324022346,1.0,0.008093104002798356,1.0172515819736325,1.0000000000000002,0.0324022346368715,0.016959012184735715,0.5162011173184358
"frozenset({'ASPECT_FOOD', 'ASPECT_CLEANLINESS'})",frozenset({'ASPECT_ROOM'}),0.040628385698808236,0.4848320693391116,0.040628385698808236,1.0,2.0625698324022346,1.0,0.020930441386547472,inf,0.5369847543760586,0.08379888268156425,1.0,0.5418994413407822
"frozenset({'ASPECT_SERVICE', 'ASPECT_ROOM'})",frozenset({'ASPECT_CLEANLINESS'}),0.1706392199349946,0.23889490790899243,0.08342361863488625,0.4888888888888889,2.0464600655076843,1.0,0.042658777902853405,1.489118658438928,0.6165607743008135,0.2558139534883721,0.3284618426255436,0.419047619047619
frozenset({'ASPECT_CLEANLINESS'}),"frozenset({'ASPECT_SERVICE', 'ASPECT_ROOM'})",0.23889490790899243,0.1706392199349946,0.08342361863488625,0.3492063492063492,2.0464600655076843,1.0,0.042658777902853405,1.274383637660862,0.6718537690067937,0.2558139534883721,0.21530693705742693,0.419047619047619
"frozenset({'ASPECT_FOOD', 'ASPECT_SERVICE'})",frozenset({'ASPECT_CLEANLINESS'}),0.08342361863488625,0.23889490790899243,0.040628385698808236,0.487012987012987,2.0386076508525486,1.0,0.020698908007592182,1.483673217493863,0.555839243498818,0.14423076923076925,0.3259971345380598,0.32854050711193566
frozenset({'ASPECT_CLEANLINESS'}),"frozenset({'ASPECT_FOOD', 'ASPECT_SERVICE'})",0.23889490790899243,0.08342361863488625,0.040628385698808236,0.17006802721088435,2.0386076508525486,1.0,0.020698908007592182,1.1043994103333747,0.6693807829181494,0.14423076923076925,0.09453048358823433,0.32854050711193566
"frozenset({'ASPECT_SERVICE', 'ASPECT_AMENITIES'})",frozenset({'ASPECT_ROOM'}),0.03683640303358613,0.4848320693391116,0.03466955579631636,0.9411764705882353,1.941242195202103,1.0,0.016810086286533264,8.757854821235101,0.5034097300337457,0.07119021134593992,0.8858167872827364,0.5063424252382517
frozenset({'ASPECT_ROOM'}),"frozenset({'ASPECT_SERVICE', 'ASPECT_AMENITIES'})",0.4848320693391116,0.03683640303358613,0.03466955579631636,0.07150837988826815,1.941242195202103,1.0,0.016810086286533264,1.037342261474056,0.9411803364879073,0.07119021134593992,0.035998014214703604,0.5063424252382517
"frozenset({'ASPECT_AMENITIES', 'ASPECT_ROOM'})",frozenset({'ASPECT_PRICE'}),0.12784398699891658,0.14301191765980498,0.03466955579631636,0.2711864406779661,1.896250642013354,1.0,0.01638634205432612,1.1758673687923604,0.5419254658385093,0.14678899082568808,0.1495639503739099,0.25680534155110424
frozenset({'ASPECT_PRICE'}),"frozenset({'ASPECT_AMENITIES', 'ASPECT_ROOM'})",0.14301191765980498,0.12784398699891658,0.03466955579631636,0.24242424242424243,1.8962506420133538,1.0,0.01638634205432612,1.15124593716143,0.5515170670037927,0.14678899082568808,0.13137587050630528,0.25680534155110424
frozenset({'ASPECT_PRICE'}),"frozenset({'ASPECT_SERVICE', 'SENTIMENT_POSITIVE'})",0.14301191765980498,0.13001083423618634,0.03466955579631636,0.24242424242424243,1.8646464646464649,1.0,0.016076457075648323,1.1483856988082342,0.5410872313527182,0.14545454545454545,0.12921242311030606,0.2545454545454545
"frozenset({'ASPECT_SERVICE', 'SENTIMENT_POSITIVE'})",frozenset({'ASPECT_PRICE'}),0.13001083423618634,0.14301191765980498,0.03466955579631636,0.26666666666666666,1.8646464646464647,1.0,0.016076457075648323,1.1686201122820838,0.5330012453300125,0.14545454545454545,0.14428992836072482,0.2545454545454545
"frozenset({'ASPECT_SERVICE', 'ASPECT_PRICE'})",frozenset({'SENTIMENT_POSITIVE'}),0.047670639219934995,0.40249187432286027,0.03466955579631636,0.7272727272727272,1.8069252416493329,1.0,0.015482510866515867,2.190863127482845,0.4689277588168372,0.08344198174706649,0.5435588889804663,0.4067050042823932
frozenset({'SENTIMENT_POSITIVE'}),"frozenset({'ASPECT_SERVICE', 'ASPECT_PRICE'})",0.40249187432286027,0.047670639219934995,0.03466955579631636,0.0861372812920592,1.8069252416493329,1.0,0.015482510866515867,1.0420923638580093,0.7473934723481412,0.08344198174706649,0.04039216226686081,0.4067050042823932
"frozenset({'ASPECT_ROOM', 'ASPECT_PRICE'})",frozenset({'ASPECT_AMENITIES'}),0.07313109425785481,0.26706392199349943,0.03466955579631636,0.4740740740740741,1.7751333483585008,1.0,0.015138878944137367,1.3936108525475717,0.4711152104032731,0.11347517730496455,0.2824395718704662,0.3019457591465705
frozenset({'ASPECT_AMENITIES'}),"frozenset({'ASPECT_ROOM', 'ASPECT_PRICE'})",0.26706392199349943,0.07313109425785481,0.03466955579631636,0.12981744421906694,1.7751333483585006,1.0,0.015138878944137367,1.0651430548505305,0.5957709719142648,0.11347517730496455,0.06115897254728087,0.3019457591465705
frozenset({'ASPECT_ROOM'}),"frozenset({'ASPECT_AMENITIES', 'ASPECT_PRICE'})",0.4848320693391116,0.041170097508125676,0.03466955579631636,0.07150837988826815,1.7369009114966185,1.0,0.014708972226558783,1.0326748047295156,0.8235410094637223,0.07056229327453141,0.03164094309251018,0.45680682152308144
"frozenset({'ASPECT_AMENITIES', 'ASPECT_PRICE'})",frozenset({'ASPECT_ROOM'}),0.041170097508125676,0.4848320693391116,0.03466955579631636,0.8421052631578947,1.7369009114966185,1.0,0.014708972226558783,3.2627302275189587,0.442478813559322,0.07056229327453141,0.6935082184957662,0.45680682152308144
"frozenset({'ASPECT_SERVICE', 'ASPECT_PRICE'})",frozenset({'ASPECT_ROOM'}),0.047670639219934995,0.4848320693391116,0.03954496208017335,0.8295454545454546,1.7109954291518539,1.0,0.016432707420454055,3.0223185265438794,0.43634578521670025,0.08021978021978023,0.6691281904215659,0.4555548501777552
frozenset({'ASPECT_ROOM'}),"frozenset({'ASPECT_SERVICE', 'ASPECT_PRICE'})",0.4848320693391116,0.047670639219934995,0.03954496208017335,0.08156424581005586,1.7109954291518537,1.0,0.016432707420454055,1.036903622747151,0.8066202843438054,0.08021978021978023,0.03559021488359677,0.4555548501777552
frozenset({'ASPECT_PRICE'}),"frozenset({'ASPECT_SERVICE', 'ASPECT_ROOM'})",0.14301191765980498,0.1706392199349946,0.03954496208017335,0.27651515151515155,1.6204665704665706,1.0,0.015141520009296552,1.1463416017652432,0.446790087110126,0.1442687747035573,0.12765967974981696,0.25413059163059165
"frozenset({'ASPECT_SERVICE', 'ASPECT_ROOM'})",frozenset({'ASPECT_PRICE'}),0.1706392199349946,0.14301191765980498,0.03954496208017335,0.23174603174603176,1.6204665704665706,1.0,0.015141520009296552,1.1155010162692622,0.46167336238289963,0.1442687747035573,0.10354182971123554,0.25413059163059165
frozenset({'ASPECT_PRICE'}),frozenset({'ASPECT_FOOD'}),0.14301191765980498,0.10834236186348863,0.024918743228602384,0.17424242424242425,1.6082575757575759,1.0,0.009424494294712354,1.0798055801286193,0.44132358599461335,0.11004784688995216,0.07390736035936524,0.20212121212121215
frozenset({'ASPECT_FOOD'}),frozenset({'ASPECT_PRICE'}),0.10834236186348863,0.14301191765980498,0.024918743228602384,0.23,1.6082575757575759,1.0,0.009424494294712354,1.1129715355067467,0.4241639811928787,0.11004784688995216,0.1015044247787611,0.20212121212121215
frozenset({'ASPECT_ROOM'}),"frozenset({'SENTIMENT_POSITIVE', 'ASPECT_PRICE'})",0.4848320693391116,0.047128927410617555,0.03629469122426869,0.07486033519553073,1.5884158479419508,1.0,0.013445075822046203,1.0299753743568807,0.7190702638228416,0.073224043715847,0.029103001006793475,0.42248763886213314
"frozenset({'SENTIMENT_POSITIVE', 'ASPECT_PRICE'})",frozenset({'ASPECT_ROOM'}),0.047128927410617555,0.4848320693391116,0.03629469122426869,0.7701149425287356,1.5884158479419506,1.0,0.013445075822046203,2.240980498374864,0.3887639686728382,0.073224043715847,0.5537667548980504,0.42248763886213314
frozenset({'ASPECT_FOOD'}),frozenset({'ASPECT_CLEANLINESS'}),0.10834236186348863,0.23889490790899243,0.040628385698808236,0.375,1.5697278911564625,1.0,0.014745947138787387,1.2177681473456121,0.4070473876063183,0.13250883392226148,0.1788256227758007,0.27253401360544216
frozenset({'ASPECT_CLEANLINESS'}),frozenset({'ASPECT_FOOD'}),0.23889490790899243,0.10834236186348863,0.040628385698808236,0.17006802721088435,1.5697278911564625,1.0,0.014745947138787387,1.0743743672628456,0.47686832740213514,0.13250883392226148,0.06922574619155074,0.27253401360544216
"frozenset({'ASPECT_CLEANLINESS', 'ASPECT_ROOM'})",frozenset({'ASPECT_FOOD'}),0.23889490790899243,0.10834236186348863,0.040628385698808236,0.17006802721088435,1.5697278911564625,1.0,0.014745947138787387,1.0743743672628456,0.47686832740213514,0.13250883392226148,0.06922574619155074,0.27253401360544216
frozenset({'ASPECT_FOOD'}),"frozenset({'ASPECT_CLEANLINESS', 'ASPECT_ROOM'})",0.10834236186348863,0.23889490790899243,0.040628385698808236,0.375,1.5697278911564625,1.0,0.014745947138787387,1.2177681473456121,0.4070473876063183,0.13250883392226148,0.1788256227758007,0.27253401360544216
frozenset({'ASPECT_SERVICE'}),"frozenset({'ASPECT_PRICE', 'ASPECT_ROOM'})",0.3477789815817985,0.07313109425785481,0.03954496208017335,0.11370716510903428,1.554840198453906,1.0,0.014111504597214091,1.045781788201155,0.5471260182951806,0.10369318181818182,0.0437775726424765,0.3272239529248876
"frozenset({'ASPECT_PRICE', 'ASPECT_ROOM'})",frozenset({'ASPECT_SERVICE'}),0.07313109425785481,0.3477789815817985,0.03954496208017335,0.5407407407407409,1.554840198453906,1.0,0.014111504597214091,1.420158669136407,0.3850027621434234,0.10369318181818182,0.2958533284114681,0.3272239529248876
"frozenset({'SENTIMENT_POSITIVE', 'ASPECT_ROOM'})",frozenset({'ASPECT_SERVICE'}),0.10184182015167931,0.3477789815817985,0.05471289274106175,0.5372340425531915,1.5447570756280242,1.0,0.01929444824627404,1.4093971432485277,0.3926357653859475,0.13854595336076816,0.29047677952922885,0.3472774574136674
frozenset({'ASPECT_SERVICE'}),"frozenset({'SENTIMENT_POSITIVE', 'ASPECT_ROOM'})",0.3477789815817985,0.10184182015167931,0.05471289274106175,0.1573208722741433,1.544757075628024,1.0,0.01929444824627404,1.0658365091730533,0.5406894510049011,0.13854595336076816,0.061769801096543134,0.3472774574136674
frozenset({'SENTIMENT_NEGATIVE'}),frozenset({'ASPECT_SERVICE'}),0.13813651137594798,0.3477789815817985,0.06608884073672806,0.4784313725490197,1.3756765011300471,1.0,0.018047865491138355,1.2504989450875295,0.3168540252032438,0.15741935483870967,0.20031919744642052,0.3342312625984974
frozenset({'ASPECT_SERVICE'}),frozenset({'SENTIMENT_NEGATIVE'}),0.3477789815817985,0.13813651137594798,0.06608884073672806,0.19003115264797507,1.3756765011300471,1.0,0.018047865491138355,1.0640699224935413,0.418699961875715,0.15741935483870967,0.06021213563052294,0.3342312625984974
"frozenset({'SENTIMENT_POSITIVE', 'ASPECT_ROOM'})",frozenset({'ASPECT_AMENITIES'}),0.10184182015167931,0.26706392199349943,0.035752979414951244,0.35106382978723405,1.3145310949031117,1.0,0.008554703502287164,1.1294424808624763,0.26640347991373325,0.10731707317073172,0.11460741299869481,0.24246903456907343
frozenset({'ASPECT_AMENITIES'}),"frozenset({'SENTIMENT_POSITIVE', 'ASPECT_ROOM'})",0.26706392199349943,0.10184182015167931,0.035752979414951244,0.13387423935091278,1.3145310949031117,1.0,0.008554703502287164,1.0369835659607076,0.3264574794508276,0.10731707317073172,0.035664563233887205,0.24246903456907343
"frozenset({'ASPECT_AMENITIES', 'ASPECT_ROOM'})",frozenset({'ASPECT_CLEANLINESS'}),0.12784398699891658,0.23889490790899243,0.03791982665222102,0.2966101694915254,1.2415926822706482,1.0,0.007378549151396414,1.08205302249083,0.22310559006211164,0.11532125205930807,0.07583087037818924,0.22767016411084207
frozenset({'ASPECT_CLEANLINESS'}),"frozenset({'ASPECT_AMENITIES', 'ASPECT_ROOM'})",0.23889490790899243,0.12784398699891658,0.03791982665222102,0.15873015873015872,1.2415926822706482,1.0,0.007378549151396414,1.0367137513031748,0.25565836298932365,0.11532125205930807,0.035413585724144714,0.22767016411084207
"frozenset({'ASPECT_PRICE', 'ASPECT_ROOM'})",frozenset({'SENTIMENT_POSITIVE'}),0.07313109425785481,0.40249187432286027,0.03629469122426869,0.49629629629629635,1.2330591695329247,1.0,0.006860020025142941,1.1862293671531452,0.20392194492179663,0.08261405672009865,0.15699271347503446,0.2932356313244604
frozenset({'SENTIMENT_POSITIVE'}),"frozenset({'ASPECT_PRICE', 'ASPECT_ROOM'})",0.40249187432286027,0.07313109425785481,0.03629469122426869,0.0901749663526245,1.2330591695329247,1.0,0.006860020025142941,1.018733131607121,0.31632860177805444,0.08261405672009865,0.018388654521884762,0.2932356313244604
"frozenset({'ASPECT_FOOD', 'ASPECT_SERVICE'})",frozenset({'ASPECT_ROOM'}),0.08342361863488625,0.4848320693391116,0.04983748645720477,0.5974025974025974,1.232184575201335,1.0,0.009391040802695996,1.279610666480271,0.20558382156439506,0.0961337513061651,0.21851229737665062,0.35009794674599143
frozenset({'ASPECT_ROOM'}),"frozenset({'ASPECT_FOOD', 'ASPECT_SERVICE'})",0.4848320693391116,0.08342361863488625,0.04983748645720477,0.10279329608938548,1.232184575201335,1.0,0.009391040802695996,1.021588868395737,0.36577058473917606,0.0961337513061651,0.021132638641256255,0.35009794674599143
frozenset({'ASPECT_FOOD'}),frozenset({'ASPECT_ROOM'}),0.10834236186348863,0.4848320693391116,0.06067172264355363,0.56,1.1550391061452514,1.0,0.008143871144191593,1.1708362060474737,0.15053810102412776,0.11393692777212612,0.14590956887486864,0.34256983240223465
frozenset({'ASPECT_ROOM'}),frozenset({'ASPECT_FOOD'}),0.4848320693391116,0.10834236186348863,0.06067172264355363,0.12513966480446928,1.1550391061452514,1.0,0.008143871144191593,1.0191999822888602,0.26055280156226523,0.11393692777212612,0.018838287502460686,0.34256983240223465
frozenset({'ASPECT_CLEANLINESS'}),"frozenset({'SENTIMENT_NEGATIVE', 'ASPECT_ROOM'})",0.23889490790899243,0.0590465872156013,0.01570964247020585,0.06575963718820861,1.1136907362333313,1.0,0.001603713454994488,1.007185570480388,0.13412688673456857,0.05566218809980805,0.007134306418787047,0.16590734152988412
"frozenset({'SENTIMENT_NEGATIVE', 'ASPECT_ROOM'})",frozenset({'ASPECT_CLEANLINESS'}),0.0590465872156013,0.23889490790899243,0.01570964247020585,0.26605504587155965,1.1136907362333313,1.0,0.001603713454994488,1.037005687973998,0.10849065967879612,0.05566218809980805,0.03568513500277515,0.16590734152988412
"frozenset({'SENTIMENT_NEGATIVE', 'ASPECT_ROOM'})",frozenset({'ASPECT_SERVICE'}),0.0590465872156013,0.3477789815817985,0.022210184182015168,0.3761467889908257,1.0815684929549287,1.0,0.0016750222142925056,1.045471926582117,0.08014940253029473,0.057746478873239436,0.04349416318693044,0.2200048586698677
frozenset({'ASPECT_SERVICE'}),"frozenset({'SENTIMENT_NEGATIVE', 'ASPECT_ROOM'})",0.3477789815817985,0.0590465872156013,0.022210184182015168,0.06386292834890965,1.0815684929549285,1.0,0.0016750222142925056,1.0051449101623693,0.1156308240823272,0.057746478873239436,0.005118575551000126,0.2200048586698677
frozenset({'ASPECT_AMENITIES'}),frozenset({'ASPECT_PRICE'}),0.26706392199349943,0.14301191765980498,0.041170097508125676,0.154158215010142,1.077939639805766,1.0,0.0029767738860867546,1.013177756819463,0.09865017310460196,0.11160058737151249,0.013006362142049413,0.22101850144446494
frozenset({'ASPECT_PRICE'}),frozenset({'ASPECT_AMENITIES'}),0.14301191765980498,0.26706392199349943,0.041170097508125676,0.2878787878787879,1.0779396398057657,1.0,0.0029767738860867546,1.029229386136788,0.08437021757934669,0.11160058737151249,0.028399292257385446,0.22101850144446494
frozenset({'ASPECT_PRICE'}),frozenset({'ASPECT_ROOM'}),0.14301191765980498,0.4848320693391116,0.07313109425785481,0.5113636363636364,1.0547232097511428,1.0,0.003794330278696925,1.0542971604222833,0.06054221098468873,0.1318359375,0.05150081254182196,0.331100812595226
frozenset({'ASPECT_ROOM'}),frozenset({'ASPECT_PRICE'}),0.4848320693391116,0.14301191765980498,0.07313109425785481,0.15083798882681562,1.0547232097511425,1.0,0.003794330278696925,1.0092162285453612,0.10071270008178504,0.1318359375,0.009132065344059198,0.331100812595226
frozenset({'ASPECT_AMENITIES'}),frozenset({'SENTIMENT_POSITIVE'}),0.26706392199349943,0.40249187432286027,0.11267605633802817,0.4219066937119676,1.0482365499223312,1.0,0.005184997810850439,1.0335842314344907,0.06278426857695155,0.20233463035019456,0.032492979684761676,0.35092642895558
frozenset({'SENTIMENT_POSITIVE'}),frozenset({'ASPECT_AMENITIES'}),0.40249187432286027,0.26706392199349943,0.11267605633802817,0.27994616419919244,1.0482365499223312,1.0,0.005184997810850439,1.0178906653436075,0.07701461050282453,0.20233463035019456,0.017576215160169467,0.35092642895558
frozenset({'SENTIMENT_POSITIVE'}),"frozenset({'ASPECT_FOOD', 'ASPECT_SERVICE'})",0.40249187432286027,0.08342361863488625,0.03412784398699892,0.08479138627187079,1.0163954484277498,1.0,0.0005505153598480625,1.0014944872857052,0.026997078674322553,0.07553956834532374,0.001492257126402755,0.24694114768138992
"frozenset({'ASPECT_FOOD', 'ASPECT_SERVICE'})",frozenset({'SENTIMENT_POSITIVE'}),0.08342361863488625,0.40249187432286027,0.03412784398699892,0.40909090909090906,1.0163954484277498,1.0,0.0005505153598480625,1.011167597299775,0.017599159443131077,0.07553956834532374,0.011044259457677313,0.24694114768138992
frozenset({'ASPECT_ROOM'}),frozenset({'ASPECT_SERVICE'}),0.4848320693391116,0.3477789815817985,0.1706392199349946,0.35195530726256985,1.0120085626272648,1.0,0.002024816622042458,1.0064445025591213,0.023033398427720318,0.25777414075286414,0.006403236882644467,0.42130475643502324
frozenset({'ASPECT_SERVICE'}),frozenset({'ASPECT_ROOM'}),0.3477789815817985,0.4848320693391116,0.1706392199349946,0.49065420560747663,1.0120085626272646,1.0,0.002024816622042458,1.0114306161599094,0.01819332384116447,0.25777414075286414,0.01130143380799353,0.42130475643502324
frozenset({'ASPECT_SERVICE'}),"frozenset({'ASPECT_CLEANLINESS', 'ASPECT_ROOM'})",0.3477789815817985,0.23889490790899243,0.08342361863488625,0.23987538940809972,1.0041042377490976,1.0,0.00034099085721932265,1.0012898957426781,0.006266988825128366,0.16576964477933262,0.0012882340550548431,0.29454086930722445
frozenset({'ASPECT_SERVICE'}),frozenset({'ASPECT_CLEANLINESS'}),0.3477789815817985,0.23889490790899243,0.08342361863488625,0.23987538940809972,1.0041042377490976,1.0,0.00034099085721932265,1.0012898957426781,0.006266988825128366,0.16576964477933262,0.0012882340550548431,0.29454086930722445
frozenset({'ASPECT_CLEANLINESS'}),frozenset({'ASPECT_SERVICE'}),0.23889490790899243,0.3477789815817985,0.08342361863488625,0.3492063492063492,1.0041042377490974,1.0,0.00034099085721932265,1.002193272203578,0.005370430281462315,0.16576964477933262,0.002188472288140029,0.29454086930722445
"frozenset({'ASPECT_CLEANLINESS', 'ASPECT_ROOM'})",frozenset({'ASPECT_SERVICE'}),0.23889490790899243,0.3477789815817985,0.08342361863488625,0.3492063492063492,1.0041042377490974,1.0,0.00034099085721932265,1.002193272203578,0.005370430281462315,0.16576964477933262,0.002188472288140029,0.29454086930722445
